,time,INw,OTw,GMv,GMh,AWR,CWR,CEv,PEv,PEw,PEh,RCv,RCh,dxy,SP,Mv0,MvT,aveMv,Mh0,MhT,aveMh,Mw0,MwT,SE,ME,MC,INv_W,OTv_W,INv_E,OTv_E,INv_N,OTv_N,INv_S,OTv_S,INv,OTv,INh_W,OTh_W,INh_E,OTh_E,INh_N,OTh_N,INh_S,OTh_S,INh,OTh,datasource,peroid_unit
0,2000-01-01T00:00:00,2981141384237098.0,2483211236919310.0,2962684205840389.0,799818156768282.2,3206348258949723.0,243664053109334.5,21.873,18.772,14.780999999999999,69.535,4.395,5.618,1233003697983.694,556154103658947.75,1557274043175.2527,4068850911615.644,6678479760594.896,45125989433.828514,351276206656.04877,355673745804.75244,1602400032609.0813,4420127118271.692,61041683426820.375,70683773205311.53,648033121706832.0,751460651246031.4,76262497062018.81,190154105226524.12,1308649356035787.2,294833946377253.3,640238685412379.1,1592952772315272.2,285431694711755.7,2829401475165081.5,2310582233221941.0,55093178283089.43,4486527708174.078,7011157416468.529,106051926475761.58,16665800050001.895,50230728416774.08,72969773322456.52,11859821096659.305,151739909072016.38,172629003697369.06,CRA40,Y
1,2001-01-01T00:00:00,2838810793091860.5,2466461440113683.5,2893862395288487.0,728271186106749.0,3129982368773059.5,236119973484572.44,20.355,17.007,13.587,67.578,4.836,5.938,1233003697983.694,492151212622176.56,4068850911615.644,1205019159618.7964,6520653319839.713,351276206656.04877,52211403368.82863,333584572893.27826,4420127118271.692,1257230562987.625,116638963088713.62,73208559751746.02,589055138344644.5,726724517392114.2,78482947182361.7,164508954508375.94,1295014958238063.2,270643378505599.8,622506664448955.5,1538069171130321.8,307597667914843.75,2699946021536412.0,2303602237784224.0,51655140142942.45,4183964536085.3833,4780143464662.472,100574922716370.8,15239648728334.96,45292879737643.12,67189839219508.61,12807435339360.375,138864771555448.5,162859202329459.7,CRA40,Y
2,2002-01-01T00:00:00,2772356856844452.0,2330642125991589.5,2773175278107399.5,736774300504472.5,3004569427875304.0,231394149767904.62,21.454,18.224,14.399000000000001,68.594,4.687,5.917,1233003697983.694,505380150736567.9,1205019159618.7964,2789135920807.9883,6489179919377.643,52211403368.82863,377044629058.7226,341333679513.8892,1257230562987.625,3166180549866.711,65574369870582.19,75791762090846.48,594969359243003.5,669285680074293.0,78991080458545.58,196455323868303.7,1159829375675977.2,275828147770600.78,616027708002067.6,1489034975273154.2,320568618806997.7,2630604126986352.0,2175416782943588.0,50360966003676.67,4302883519960.727,5389727774773.811,90944554188139.78,16090311556979.105,45885504592054.45,69911724522670.61,14092400747846.314,141752729858100.2,155225343048001.28,CRA40,Y
3,2003-01-01T00:00:00,2967943992708652.5,2565398627080421.0,3016395990562776.5,771853187548305.4,3264294287754754.0,247898297191977.62,20.423,17.37,13.831,67.88300000000001,4.614,5.78,1233003697983.694,523954890356327.75,2789135920807.9883,2109448348749.537,6623047729517.074,377044629058.7226,117021763473.41267,345707523556.896,3166180549866.711,2226470112222.9497,120469814290450.38,80628245180903.58,616040945381208.9,786707216505441.0,53891320487861.49,125493775839440.45,1421307753937784.0,254605986275671.62,655602539035687.4,1645701816550061.5,267443983371484.88,2812508795170614.5,2398245596832818.0,58280107709822.83,2950857113823.275,3789520439606.49,106622205688408.77,16082474341643.44,47229722838268.86,77283095046965.03,10350244607101.842,155435197538037.78,167153030247602.75,CRA40,Y
4,2004-01-01T00:00:00,2853816700388529.5,2457014678652762.5,2949916358300418.5,802341528480489.5,3191672992408296.0,241756634107877.25,22.14,19.003,14.940000000000001,69.869,4.256,5.343,1233003697983.694,560584894372612.25,2109448348749.537,4598961955740.852,6518045724700.305,117021763473.41267,284571777500.9051,340981121998.4857,2226470112222.9497,4883533733241.757,166439936257861.8,76649076165956.45,653125703856337.0,750906315790783.5,62838929559994.04,147435741410901.5,1320703871943095.0,302737409053129.56,588723787470532.1,1503638431273035.8,319925103514719.5,2704717897527850.5,2292191692488340.5,56418672295893.19,3397704010991.1904,4107989866115.5586,105443723316873.36,19235171563125.13,43264942713442.54,69336969135545.14,12716616123114.707,149098802860679.03,164822986164421.78,CRA40,Y
5,2005-01-01T00:00:00,2902261508603794.5,2546280548410359.5,3007306341139570.5,780644929099452.2,3256726527071657.5,249420185932086.8,20.878,17.663999999999998,14.024000000000001,68.049,4.491,5.59,1233003697983.694,531224743167365.44,4598961955740.852,1561504801235.3901,6535748122063.617,284571777500.9051,39670449897.39853,338964080473.3415,4883533733241.757,1601175251132.7886,171961424491819.44,80965414443287.0,627879388966879.9,761231264962251.0,68751975702531.805,145952523368098.56,1375108201204698.8,247173133576589.44,672925309233198.4,1595423618341784.0,261079961231026.3,2749780540248723.0,2377865447371455.0,58866879749044.85,3755908044238.867,4394065328946.2275,103987580882527.47,14398574029466.707,50665529958321.164,74821449247613.66,10006082153816.867,152480968355071.44,168415101038904.38,CRA40,Y
6,2006-01-01T00:00:00,2851608371768992.5,2505220373030611.0,2921922125505722.5,722335462000091.9,3167967108255189.5,246044982749466.88,19.659,16.301,13.07,65.938,5.114,6.041,1233003697983.694,476290479250625.0,1561504801235.3901,2141123622316.4949,6673351269024.195,39670449897.39853,70874661045.28705,328431458279.4988,1601175251132.7886,2211998283361.7817,130513303544470.44,86124383742178.67,574410353199040.0,727463701616431.5,114982831624633.7,212370829674191.03,1230588909443189.5,290718424600352.9,670461777859355.9,1473169977526862.8,329337129757186.75,2703722933417838.0,2345370648684366.0,57819399101681.414,6695286868971.21,6300855416719.316,93802019797529.28,17139258436631.902,45967581965557.414,66625925396121.82,13384835714186.97,147885438351154.47,159849724346244.88,CRA40,Y
7,2007-01-01T00:00:00,2866039350893049.5,2480483853280908.5,2957640587656128.0,768337787620245.6,3186261920874286.0,228621333218158.06,21.276999999999997,18.248,14.485000000000001,70.245,4.464,5.211,1233003697983.694,539716454402087.56,2141123622316.4949,2348585072727.3228,6601095553183.439,70874661045.28705,110409505752.53455,321062362447.3133,2211998283361.7817,2458994578479.8574,154407953085062.7,74013763913744.84,629305309101154.8,686560998781028.6,88081239294129.45,174346616105310.28,1236433043952014.0,312735728566553.25,653577903393609.4,1553434403582111.5,347894506842493.2,2727077747035004.0,2325986693482246.0,47532121386547.625,4565196987915.364,4813197454882.738,89028638887635.78,16925767306372.145,45934355293444.45,69690517710243.07,14968968629666.828,138961603858045.58,154497159798662.44,CRA40,Y
8,2008-01-01T00:00:00,2956114773901707.0,2463670917276618.0,2996447316036044.0,851971297330828.1,3241051112717482.0,244603796681438.0,23.327,20.27,15.781999999999998,71.28999999999999,4.003,5.116,1233003697983.694,607367500649390.1,2348585072727.3228,2102929276905.403,6643193481890.85,110409505752.53455,231401330382.89008,353777439579.0176,2458994578479.8574,2334330607288.293,114798980053107.06,76057612426451.73,698988252407126.8,726573738985359.5,75607757093965.88,157710591220147.6,1306624418325799.8,316483574799539.1,619019148814558.6,1602474233478712.0,294104810117688.06,2803242138483758.0,2295356134352012.0,55617232154084.64,4181536513701.0205,4413155473263.787,101334355288876.42,17888729223061.05,50139691991079.234,74953518567539.34,12659199130949.262,152872635417948.84,168314782924605.94,CRA40,Y
9,2009-01-01T00:00:00,3069762586009069.5,2755467435568451.0,3156009992513899.0,720319017894997.8,3420958395592351.0,264948403078451.88,17.980999999999998,14.429,11.747,63.217999999999996,5.32,6.05,1233003697983.694,455370614816545.9,2102929276905.403,1605271621261.3374,6637281985671.303,231401330382.89008,141483497144.52603,314500445497.774,2334330607288.293,1746755118405.8635,140487888887043.75,96259209754124.58,567484995151370.9,803480159540068.4,75315610923591.84,158919515036957.12,1447562924669161.8,253970693031472.5,793164906150639.8,1700789596987327.5,270876283997874.0,2917159964595825.5,2586919725741267.0,60039833131057.84,3651893278723.098,4133202136497.3975,101008699402478.23,15026972669169.748,54510720165941.55,73402613476518.98,9376396980041.373,152602621413243.97,168547709827184.25,CRA40,Y
10,2010-01-01T00:00:00,3140664455335432.0,2668094537175589.5,3155479830313254.5,811726153513415.8,3410698717626338.5,255218887313084.3,20.809,17.636,14.027999999999999,68.55799999999999,4.527,5.338,1233003697983.694,556507266200331.44,1605271621261.3374,3125594796376.738,6902859765028.963,141483497144.52603,328969171225.9844,339094386527.87836,1746755118405.8635,3454563967602.722,85645156889683.62,82510930325777.97,656638686157370.8,811458086557162.8,103444287012736.9,208988079187562.72,1403615537146976.8,291524609771019.6,683942430943027.5,1673747695960786.5,304713294256765.94,2985718471476531.5,2495715549359507.0,58994578603383.81,6668419175410.656,7291232469406.168,104906203185115.16,17304671373007.512,46136701518665.305,71355501413103.0,14667663936891.379,154945983858900.5,172378987816082.5,CRA40,Y
11,2011-01-01T00:00:00,2837287006225674.0,2443384088334693.5,2902981200763490.5,753573363926120.6,3136324153663835.0,233342952900344.62,21.176000000000002,17.921,14.227,69.035,4.563,5.442,1233003697983.694,520230411025776.0,3125594796376.738,2740108334105.426,6504047424662.279,328969171225.9844,90441139998.39502,323206574065.1464,3454563967602.722,2830549474103.821,125703478641294.56,75360406180745.4,614749109674294.8,712901404284007.4,92646714443117.97,170933682139836.75,1244839458095584.5,293453915345457.06,629607844016034.9,1521502719375773.0,318397966200352.9,2698791721145074.0,2285491982755090.5,52759557693920.51,4724548420667.936,4584378646875.326,92656880389554.4,15942355932737.43,46857875392185.92,65208992807066.65,13652801377194.582,138495285080599.9,157892105579602.84,CRA40,Y
12,2012-01-01T00:00:00,2951539868780632.0,2579657004186636.0,3037633426273465.0,773084416050759.5,3290985425270001.5,253351998996536.56,20.617,17.11,13.639000000000001,67.228,4.635,5.567,1233003697983.694,519732417054222.94,2740108334105.426,1604684678808.853,6582537242832.341,90441139998.39502,33674598341.50382,329372380712.89777,2830549474103.821,1638359277150.357,146657362263271.44,83406205379823.84,626283856426392.9,780240813925211.2,78284258633627.25,163892338763049.78,1410761797863554.2,283309550963417.1,650239961223339.2,1577387046644585.8,270458867447742.06,2804829750296264.0,2409744885168263.0,57964807986056.664,4292033997877.104,5243676434255.67,103890586734435.84,16435953297728.594,49629372689723.21,67065680766327.33,12100125596336.725,146710118484368.25,169912119018372.88,CRA40,Y
13,2013-01-01T00:00:00,2794973860056959.0,2446122092098240.0,2968861731537546.5,816331426557771.1,3194074517039116.0,225212785501569.88,22.759,19.911,15.617,72.41199999999999,4.112,4.982,1233003697983.694,591118641056201.2,1604684678808.853,1933922246122.2917,6658648289958.306,33674598341.50382,62608028898.92255,336154695728.16046,1638359277150.357,1996530275021.2144,242625044095350.8,70281764013567.23,675674130652290.1,690842139460383.0,101803714509863.44,193591655590640.44,1211980143475314.5,282633973438005.4,626306781465504.0,1487282470260790.5,351163039188452.25,2654350238749819.5,2291253678639134.0,50689710025188.13,5205811732451.027,6414346177760.52,89022916369804.61,14609610655851.664,46226768284678.43,68909954448339.17,14412917072171.727,140623621307139.5,154868413459105.8,CRA40,Y
14,2014-01-01T00:00:00,3050477491376454.5,2697527407354949.0,3191720257294630.5,825696693432377.5,3454835706495979.0,263115449201348.62,20.933,17.626,14.004,68.134,4.385,5.415,1233003697983.694,562581244231028.9,1933922246122.2917,1848833351090.8635,6759286453947.38,62608028898.92255,43052129532.48562,347766126306.90375,1996530275021.2144,1891885480623.349,209526515415122.7,87298462020378.9,668117951640030.5,798352234573878.9,74044112692409.55,142457189668760.5,1486573451635546.2,279647402111627.38,668839490208073.2,1672504531258739.8,292296417767480.2,2892961357613006.5,2521753472303509.0,59792046404100.98,4066339299512.995,4580218694814.759,108045738992138.78,15040890267565.984,52258463169562.79,78102978396966.3,11403393590225.186,157516133763448.0,175773935051439.75,CRA40,Y
15,2015-01-01T00:00:00,2954248011404415.5,2725199059878454.0,3192790695445304.5,798680195333815.8,3457943593983482.0,265152898538177.56,20.049,16.71,13.367,66.801,4.376,5.287,1233003697983.694,533527296795638.2,1848833351090.8635,1896270188407.2712,6396466430650.694,43052129532.48562,173815822672.43112,322017078666.5397,1891885480623.349,2070086011079.7024,304656545800130.6,90537204292168.27,640137243801782.0,759173491879654.5,109210177747014.36,164346267158700.62,1417532214629922.0,328711389950241.0,614970523659427.2,1543516963013318.2,409044265418751.9,2795748112001914.5,2550757181455115.0,60918586617551.984,5703375093752.116,4580246615057.972,104370571829773.19,19345605987624.46,47082674654110.984,73655460182266.8,17285256845702.719,158499899402501.22,174441878423339.0,CRA40,Y
16,2016-01-01T00:00:00,3130994650650175.5,2722756452602312.0,3303671727106939.0,903918209636896.1,3550688039657627.0,247016312550688.12,22.738,19.884,15.612,72.673,3.949,4.825,1233003697983.694,656901897086208.0,1896270188407.2712,2579105352936.415,7088315553388.375,173815822672.43112,275234637890.1842,360806989442.14703,2070086011079.7024,2854339990826.599,249447953018089.25,73893671297641.86,751183575766848.0,785095668987329.2,110685965795185.28,218914012854523.3,1388710946779963.8,324979093718008.2,663047814900972.8,1649445057042939.2,387464318511031.9,2978433832602800.0,2549909045987154.0,55165553903600.81,6138674936232.59,7567374510151.409,103381783661178.58,19333778389570.473,46742130820901.93,70494111244053.02,16584817196845.016,152560818047375.72,172847406615158.12,CRA40,Y
17,2017-01-01T00:00:00,3183150175089661.0,2797192516525542.5,3293033528027499.0,833731930529077.4,3552433102365802.5,259399574338303.25,20.461,17.441000000000003,13.916999999999998,68.887,4.472,5.462,1233003697983.694,574332356190774.1,2579105352936.415,2066336439761.986,7036552250972.31,275234637890.1842,138352465366.58167,358117334769.9446,2854339990826.599,2204688905128.568,187569627044180.8,79396203155771.86,673795113276135.6,783216775418110.5,102110823775474.58,199297355144631.53,1437178471766827.0,309226116758761.7,738628884143142.1,1731748345153106.0,339253898626157.44,3023488592474609.5,2617172078311601.0,58007053363128.72,5976600795055.434,6630933725712.899,105790319597399.64,18116531326316.97,54131376248897.05,76907064199893.0,14122141572589.273,159661582615051.6,180020438213941.38,CRA40,Y
18,2018-01-01T00:00:00,3056435818020290.0,2634607736440858.0,3226498312181665.5,916683743141392.6,3473263858709193.0,246765546527527.88,23.673,20.763,16.169,73.08099999999999,3.826,4.777,1233003697983.694,669918196613864.8,2066336439761.986,1751414666355.9468,7022088285515.948,138352465366.58167,66373705245.573555,365301545747.2117,2204688905128.568,1817788371601.5203,247579158287143.56,73141410813449.4,763820979297046.5,797722407521707.6,96879096587385.66,203158455638902.88,1309336788871153.5,298057444843368.3,700463879946222.4,1604773098637331.8,354246152813501.3,2903711406641310.5,2460925918218263.0,57254387470488.78,6219729127253.649,8299658128846.678,98196718004035.1,16291654737421.338,52368986844066.57,70878711042222.73,16896384247239.902,152724411378979.53,173681818222595.22,CRA40,Y
19,2019-01-01T00:00:00,3277911707065449.0,2838474681934315.0,3440707632032757.0,970662211429554.5,3720256090892022.0,279548458859264.88,23.081,20.086000000000002,15.667,71.2,3.672,4.727,1233003697983.694,691113752570289.6,1751414666355.9468,1586830629634.3093,6953669427906.145,66373705245.573555,116475866397.92673,372953431264.02594,1817788371601.5203,1703306496032.236,251361849844457.0,86136733575285.98,794141764605518.1,838799576827831.9,77764120189281.58,150613845159226.75,1510093271937822.8,260692325620608.88,741695384093425.0,1851351886338990.5,315426260577075.25,3101457633946658.0,2644979036797604.5,68622249223401.73,4228194309382.62,4227923522074.289,116662822976526.92,15425357710166.354,59039417766147.19,88178542663148.39,13565210084653.91,176454073118790.75,193495645136710.62,CRA40,Y
20,2020-01-01T00:00:00,3213505900939164.0,2850297329878899.0,3469802089867999.5,952063641718108.5,3720424432075880.0,250622342207880.25,22.922,20.216,15.863,73.676,3.555,4.198,1233003697983.694,701441299510228.2,1586830629634.3093,1791339943445.5508,6812488896025.054,116475866397.92673,76903866584.71378,335250921519.0736,1703306496032.236,1868243810030.2646,338397665763961.6,72906569347670.36,795352289039279.8,799220638898796.2,61891718057066.92,148233067062531.7,1583245336354587.0,252565017871755.72,746460067608885.1,1856892300293649.5,281061338864734.97,3056911024126733.0,2672658460885274.0,55176414199122.46,3052920795644.6284,3898629262298.7764,113961474096487.67,14257222901607.512,49653278185744.266,83262610449402.11,10971195915748.71,156594876812430.84,177638868993625.25,CRA40,Y
21,2021-01-01T00:00:00,3250827224491548.5,2866232337361979.0,3506383700600946.5,975311174269598.6,3758537381917180.5,252153681316234.12,23.372,20.624000000000002,16.136,74.146,3.64,4.362,1233003697983.694,723157492953364.5,1791339943445.5508,1865051033223.7458,7211030245580.2705,76903866584.71378,132673772575.26344,360104838371.1667,1868243810030.2646,1997724805799.0093,338692086819563.7,70808090206059.67,819499229543343.6,824450648573305.9,98192527819489.27,184188303673628.44,1504884638331522.2,283495024929680.94,799945923772769.9,1802958206455262.8,281996330100598.0,3095092183631878.0,2685019420024379.5,57674512695677.61,5104429057127.991,5631871475862.188,107110478464431.39,15335821104624.496,56602146874962.195,77092835583506.03,12395862941077.771,155735040859670.3,181212917337599.34,CRA40,Y
22,2022-01-01T00:00:00,3104169462363647.5,2738988362835795.0,3345761107101603.5,929821583311845.8,3586478009073566.5,240716901971963.38,23.341,20.596,16.117,74.111,3.746,4.39,1233003697983.694,689104681339882.4,1865051033223.7458,2105898918204.3643,7071472207126.424,132673772575.26344,126504906119.09615,345331920894.4737,1997724805799.0093,2232403824323.4604,324158260830554.0,64333998511184.57,780923243902264.5,731036390418351.5,122576501894462.48,230247534145818.2,1357816758863176.5,303180807100638.56,779481396119195.5,1690939065061833.2,302857307404300.44,2955403796726641.5,2562731964281135.0,51155393371926.05,7282964438216.526,8589796658125.734,103737344572449.5,17443118100070.959,53228737046399.25,71577357506883.33,12007352497594.535,148765665637006.06,176256398554659.8,CRA40,Y
23,2023-01-01T00:00:00,3014688745015623.0,2719937555355627.5,3328964336884878.0,926340324710238.5,3575768511148361.0,246804174263483.12,23.467,20.413,15.969,73.357,3.695,4.534,1233003697983.694,679536150446755.4,2105898918204.3643,2432903700083.8647,6878779290530.651,126504906119.09615,176297621845.43594,351700905190.40515,2232403824323.4604,2609201321929.301,385161758284365.25,72010874768869.95,781210879701934.2,777243454650146.6,78680248925055.86,168396753926997.38,1432737037941878.8,292212019890185.9,708003102528837.1,1631833576446108.0,325900164087087.9,2869685804913438.0,2545320553482859.5,54210161890547.48,4144063926844.9683,5636387339063.179,104174344983728.19,15866142652464.572,53032921342551.8,69290248220109.96,13265671619642.86,145002940102185.2,174617001872767.8,CRA40,Y
24,2024-01-01T00:00:00,3029742749529566.5,2806589415627534.0,3399874488051677.5,908817973607538.1,3646701147881702.5,246826659830025.0,22.509,19.471,15.364,72.841,3.932,4.64,1233003697983.694,661991313777513.1,2432903700083.8647,1992876318871.7915,7112203303563.965,176297621845.43594,77879118161.153,349709696299.24835,2609201321929.301,2070755437032.9446,438299533990583.94,72767977014196.19,765272999802939.6,814210705976491.9,103972150702795.56,200540726650473.38,1412720784329407.5,297671486655570.56,724029870981469.1,1573951154064277.5,391885805916193.9,2886374073346813.5,2632608611929866.0,55800379020747.945,5398367108941.111,7253628912313.557,101303935864175.92,15988468395615.404,50443553700454.63,64326199854076.2,16834947024096.137,143368676182753.1,173980803697667.8,CRA40,Y
25,2025-01-01T00:00:00,3094626189743215.5,2858476786630541.5,3489824011393984.0,957115957501788.4,3736024202078932.0,246200190684947.62,23.099,20.371,15.987000000000002,74.277,3.655,4.374,1233003697983.694,710915766816840.8,1992876318871.7915,2080133333255.8936,7119237457994.528,77879118161.153,111529556669.10478,354950458942.02527,2070755437032.9446,2191662889924.9983,474887271157058.5,69252335448642.59,806103417109822.5,806120330852743.5,139155173177513.61,210458033175450.44,1446513875467437.5,335989785179299.3,675557854498723.8,1591123379261917.5,420413557807230.75,2943691528469411.0,2681640460950905.5,58733777967757.69,7610758193517.051,8420809604898.434,103566969107525.12,17978539417341.36,48531435568010.98,65801534283807.234,17127162810582.656,150934661273804.72,176836325679635.8,CRA40,Y
