date,precipitation_mm,precipitation_efficiency_pct,sp_kg,gmh_kg,grid_area_m2
2025-01-01,0.017967601326628193,0.35603595847386,8754782188.55083,2458960107871.6895,487253809198.0115
2025-01-02,0.002429369526221595,0.08151795486182344,1183719555.6010406,1452096728392.534,487253809198.0115
2025-01-03,0.18305906003049977,4.508029812198652,89196224308.06847,1978607685040.2588,487253809198.0115
2025-01-04,0.032042636741116653,0.8194419688065833,15612896808.857246,1905308417580.2607,487253809198.0115
2025-01-05,0.0029721859188098637,0.39498457939170456,1448208910.5847979,366649481054.4528,487253809198.0115
2025-01-06,0.0,0.0,0.0,434340221637.4716,487253809198.0115
2025-01-07,0.0018660822618854311,0.14771215650001152,909255690.3805175,615559146873.9044,487253809198.0115
2025-01-08,0.006438693196825375,0.3181350198872035,3137277786.4104857,986146632811.0702,487253809198.0115
2025-01-09,0.06034506256942365,1.2680333462240112,29403361603.244015,2318816117163.027,487253809198.0115
2025-01-10,0.06805313193628007,0.9407045723492427,33159147763.807312,3524926819585.6885,487253809198.0115
2025-01-11,0.011007139464239604,0.22397565221104193,5363270632.324507,2394577526342.4365,487253809198.0115
2025-01-12,0.3741454710945737,4.097334320868789,182303805985.01553,4449327091921.565,487253809198.0115
2025-01-13,0.007612658736651647,0.09621090531141235,3709296967.558037,3855381004421.385,487253809198.0115
2025-01-14,0.0,0.0,0.0,230967995191.71298,487253809198.0115
2025-01-15,0.0,0.0,0.0,77725462734.83536,487253809198.0115
2025-01-16,3.340815493204126e-05,0.011433930447396169,16278250.748914437,142367935713.84247,487253809198.0115
2025-01-17,0.07751273280630977,4.679878247660653,37768374321.22211,807037540775.7993,487253809198.0115
2025-01-18,0.0,0.0,0.0,538931922185.41095,487253809198.0115
2025-01-19,0.0,0.0,0.0,288109638973.6441,487253809198.0115
2025-01-20,0.04088595038725654,1.12360307655984,19921835068.87166,1773031374199.0432,487253809198.0115
2025-01-21,0.0015857747008088503,0.06862432155441335,772674763.4989493,1125948856028.0815,487253809198.0115
2025-01-22,0.001166188076290031,0.07451900125956497,568229582.4136188,762529788119.8898,487253809198.0115
2025-01-23,0.11238438846565647,5.5869183377460985,54759721374.28018,980141789514.1744,487253809198.0115
2025-01-24,2.3191828684084674,21.96845827588089,1130030686858.7964,5143877975722.374,487253809198.0115
2025-01-25,1.8658030057871169,29.134999192066953,909119621782.8722,3120369476551.805,487253809198.0115
2025-01-26,0.0,0.0,0.0,1686284350758.0344,487253809198.0115
2025-01-27,0.0,0.0,0.0,675502476764.6414,487253809198.0115
2025-01-28,0.006296244046140867,0.1765463061451178,3067868895.1224375,1737713443067.2856,487253809198.0115
2025-01-29,0.0014860929594049319,0.0387310418911678,724104455.2923989,1869571330735.4202,487253809198.0115
2025-01-30,0.05419333894273519,1.903779248065338,26405910833.006657,1387025878123.2603,487253809198.0115
2025-01-31,0.021925390341356682,0.4036547486107514,10683229961.979332,2646625612295.5425,487253809198.0115
2025-02-01,0.06273512028911163,0.865553397356589,30567926331.365093,3531604915967.048,487253809198.0115
2025-02-02,0.0,0.0,0.0,1603292242332.9604,487253809198.0115
2025-02-03,0.0,0.0,0.0,1346956093189.458,487253809198.0115
2025-02-04,0.0,0.0,0.0,949832039536.1371,487253809198.0115
2025-02-05,0.003093301198797278,0.1686594754136335,1507222792.110749,893648452548.7345,487253809198.0115
2025-02-06,0.051654713526327924,5.727339416427326,25168955928.73533,439452843610.8567,487253809198.0115
2025-02-07,0.0,0.0,0.0,346388982366.89923,487253809198.0115
2025-02-08,0.0,0.0,0.0,1441283211626.6116,487253809198.0115
2025-02-09,0.0011391939235595198,0.11667233881787518,555076578.6696043,475756794021.3108,487253809198.0115
2025-02-10,0.20333319681528134,4.5883205847346735,99074874684.6548,2159284052955.597,487253809198.0115
2025-02-11,0.07071714095508591,1.975673475215575,34457196305.95831,1744073438157.5137,487253809198.0115
2025-02-12,0.0,0.0,0.0,13155798557.648607,487253809198.0115
2025-02-13,0.0,0.0,0.0,107551996680.38391,487253809198.0115
2025-02-14,4.820166156353456e-05,0.00981581457254678,23486443.206505593,239271463747.83112,487253809198.0115
2025-02-15,0.0,0.0,0.0,604365089251.8431,487253809198.0115
2025-02-16,0.0,0.0,0.0,139532270654.23523,487253809198.0115
2025-02-17,0.002062873925759999,0.15338259821611808,1005143178.2218153,655317610936.2521,487253809198.0115
2025-02-18,0.0844262025519809,1.79047684608793,41136988789.57557,2297543745369.123,487253809198.0115
2025-02-19,0.005787817608720375,0.18858355352433367,2820136176.792329,1495430605738.6047,487253809198.0115
2025-02-20,0.0,0.0,0.0,1119503949968.6157,487253809198.0115
2025-02-21,0.0,0.0,0.0,672554876750.298,487253809198.0115
2025-02-22,0.0,0.0,0.0,427828270493.14136,487253809198.0115
2025-02-23,0.0,0.0,0.0,398791924208.1427,487253809198.0115
2025-02-24,0.006221225477606394,0.30288777287539664,3031315811.843434,1000804946025.4938,487253809198.0115
2025-02-25,0.0,0.0,0.0,490240792344.5227,487253809198.0115
2025-02-26,0.002536607929206376,0.773281332701365,1235971875.9476867,159834697112.1064,487253809198.0115
2025-02-27,0.007194496292370909,0.7573198158722552,3505545723.7186956,462888419165.5711,487253809198.0115
2025-02-28,0.19855319375327124,4.301735942110702,96745799984.71223,2248994389396.2646,487253809198.0115
2025-03-01,1.8649354866999344,16.95911337957056,908696919803.0905,5358162891332.121,487253809198.0115
2025-03-02,0.6633673537516631,7.73861388513461,323228270013.10266,4176823844823.216,487253809198.0115
2025-03-03,0.038153600898419404,0.8651958972551727,18590487372.375526,2148702673158.0334,487253809198.0115
2025-03-04,0.0,0.0,0.0,977571072589.0051,487253809198.0115
2025-03-05,0.08303252103302726,3.824492377775182,40457912160.65654,1057863584609.6804,487253809198.0115
2025-03-06,0.02315409752154159,0.5238617707158424,11281922215.913376,2153606704397.793,487253809198.0115
2025-03-07,0.0,0.0,0.0,540674373783.8546,487253809198.0115
2025-03-08,0.0,0.0,0.0,458285246529.8459,487253809198.0115
2025-03-09,0.0,0.0,0.0,777200413848.5028,487253809198.0115
2025-03-10,0.33306495956359555,5.278454503252894,162287170257.7436,3074520584722.9087,487253809198.0115
2025-03-11,0.0012035723195575687,0.08550861501285671,586445197.3497117,685831710946.9452,487253809198.0115
2025-03-12,0.0011885612170073943,0.0343494544407862,579130980.4518772,1685997608638.0657,487253809198.0115
2025-03-13,0.4917132270903214,5.288327387041178,239589142932.80594,4530527809604.015,487253809198.0115
2025-03-14,0.1751685769733885,3.0512306567784706,85351556382.07863,2797282997680.481,487253809198.0115
2025-03-15,0.0,0.0,0.0,378621088935.1877,487253809198.0115
2025-03-16,0.0,0.0,0.0,483947284064.95233,487253809198.0115
2025-03-17,0.0,0.0,0.0,373907988202.27545,487253809198.0115
2025-03-18,0.0,0.0,0.0,265724231891.37442,487253809198.0115
2025-03-19,0.0,0.0,0.0,67742139141.445175,487253809198.0115
2025-03-20,0.0,0.0,0.0,60218196041.59333,487253809198.0115
2025-03-21,0.0,0.0,0.0,144771677426.7765,487253809198.0115
2025-03-22,0.018917889512531566,2.5182532903954336,9217813726.968119,366039975491.1339,487253809198.0115
2025-03-23,0.05744832782574343,0.8812361897254869,27991916565.149605,3176437474029.4473,487253809198.0115
2025-03-24,0.21189292306758914,1.5563872317838807,103245633906.784,6633672636111.721,487253809198.0115
2025-03-25,1.1970986894077105,7.024617838246621,583290896399.8541,8303524972191.888,487253809198.0115
2025-03-26,1.4027693669737482,9.316704132507327,683504717484.2421,7336335980654.311,487253809198.0115
2025-03-27,0.11625560003327183,4.837339956831121,56645983956.81217,1171015154244.4045,487253809198.0115
2025-03-28,0.0,0.0,0.0,427748838242.30164,487253809198.0115
2025-03-29,0.0003116918572471688,0.016713020116950875,151873044.73968583,908710955153.1707,487253809198.0115
2025-03-30,4.306502640882968e-06,0.0001159118158368095,2098359.816091522,1810307086419.7068,487253809198.0115
2025-03-31,0.0,0.0,0.0,613955824911.9717,487253809198.0115
2025-04-01,0.0,0.0,0.0,438360296324.7159,487253809198.0115
2025-04-02,0.006405539805072171,0.19516128081448536,3121123669.9909034,1599253528653.4385,487253809198.0115
2025-04-03,0.00025794586813679713,0.008769880414687582,125685106.81654239,1433145047292.1846,487253809198.0115
2025-04-04,0.025893898483544116,1.6143599880481414,12616900671.093483,781541958702.0411,487253809198.0115
2025-04-05,0.0002385283233304925,0.01875651636209909,116223834.1443974,619645097739.197,487253809198.0115
2025-04-06,0.035435289096033995,1.6486024207487353,17265979592.075325,1047310095798.2183,487253809198.0115
2025-04-07,0.5297112900273534,9.092559600668823,258103843841.02057,2838626912294.698,487253809198.0115
2025-04-08,0.5763895809520361,10.178092430133091,280848018900.9252,2759338459822.306,487253809198.0115
2025-04-09,0.014190651974806269,0.43449810196138905,6914449229.727638,1591364656948.9683,487253809198.0115
2025-04-10,0.054072645427287486,0.780303812191816,26347102457.859264,3376518485005.4995,487253809198.0115
2025-04-11,0.04136523546403755,0.8169292905448248,20155368548.22497,2467210905705.5596,487253809198.0115
2025-04-12,0.017096163606746092,0.27608530914809737,8330170840.059448,3017245236902.84,487253809198.0115
2025-04-13,0.0017550491278829636,0.06633100317896234,855154372.890622,1289222734327.4138,487253809198.0115
2025-04-14,0.04259805868852201,1.600870007933112,20756066360.4228,1296549142501.6462,487253809198.0115
2025-04-15,0.030441658042187434,0.6131697134977321,14832813839.359108,2419038891328.733,487253809198.0115
2025-04-16,0.038621426401862974,0.6785948064108002,18818437130.968384,2773147827420.3423,487253809198.0115
2025-04-17,1.0328604278380549,6.355261355035437,503265177833.9801,7918874609857.393,487253809198.0115
2025-04-18,1.1286217114375525,13.68575459726069,549925228041.5264,4018230957842.8228,487253809198.0115
2025-04-19,0.2999696032508212,3.2986523806967982,146161331827.57886,4430940728489.376,487253809198.0115
2025-04-20,1.7504940029429334,9.91153174727001,852934870912.2195,8605479886064.516,487253809198.0115
2025-04-21,0.018063599339748125,0.5939371233791197,8801557586.11896,1481900564834.8372,487253809198.0115
2025-04-22,0.0015726119423234493,0.14749497321723343,766261159.2873842,519516796114.00726,487253809198.0115
2025-04-23,5.518188791149291e-06,0.00029643810555862266,2688758.5083612623,907021890216.9923,487253809198.0115
2025-04-24,0.0002438095343542521,0.012197028593780364,118797124.33290279,973984142281.023,487253809198.0115
2025-04-25,0.03783961323974814,0.6575731966935803,18437495689.64679,2803869710984.9507,487253809198.0115
2025-04-26,0.033392000473169536,0.6966101639405925,16270379427.29366,2335650593332.6016,487253809198.0115
2025-04-27,0.0023658075287500725,0.14157984890089342,1152748730.212807,814203955691.2767,487253809198.0115
2025-04-28,0.003613060108306623,0.20846035675435587,1760477300.6337821,844514193510.7987,487253809198.0115
2025-04-29,0.11592574333803707,1.306949738587939,56485260025.569565,4321915247222.716,487253809198.0115
2025-04-30,0.04013368268435493,0.6680062645617733,19555289765.096214,2927411134074.4556,487253809198.0115
2025-05-01,1.192309711933514,9.842396311573319,580957448883.3884,5902601668256.962,487253809198.0115
2025-05-02,0.34235311995382783,3.5567364494289433,166812861788.32635,4690054047021.37,487253809198.0115
2025-05-03,0.47428610425658146,4.206518849284838,231097710948.70453,5493799486670.411,487253809198.0115
2025-05-04,6.341198165714662,33.09064767489873,3089772961123.912,9337299745473.682,487253809198.0115
2025-05-05,0.31902205231639563,4.3293073491048695,155444710209.3311,3590521477794.1543,487253809198.0115
2025-05-06,2.6365506318467338,24.068356546467797,1284669338510.745,5337586453111.106,487253809198.0115
2025-05-07,0.7318887878092437,7.5873327641036745,356615599769.36914,4700144449397.927,487253809198.0115
2025-05-08,1.9403475796334095,19.255647671942675,945441749344.5208,4909945203879.691,487253809198.0115
2025-05-09,0.3301900386063869,12.13898862634565,160886354070.2005,1325368686160.7524,487253809198.0115
2025-05-10,0.0,0.0,0.0,530030247481.89514,487253809198.0115
2025-05-11,0.40765058818093985,4.660604274388885,198629301912.9728,4261878722561.524,487253809198.0115
2025-05-12,0.23199435415055988,3.866438588139635,113040132772.2928,2923624162014.245,487253809198.0115
2025-05-13,0.5613718967393717,8.612870568841426,273530595062.97165,3175835429972.8677,487253809198.0115
2025-05-14,9.620702493079961e-05,0.01281857807127229,46877239.36914016,365697654673.5454,487253809198.0115
2025-05-15,0.004751624603776428,0.17656031698863778,2315247188.0690565,1311306655740.797,487253809198.0115
2025-05-16,0.08239460623343531,1.1278795674106796,40147085744.61157,3559518844443.5537,487253809198.0115
2025-05-17,0.2037260365561539,2.236360299662102,99266287344.79932,4438743048684.854,487253809198.0115
2025-05-18,0.24453138833745774,4.771857819164631,119148850435.90448,2496906968966.709,487253809198.0115
2025-05-19,0.00804197701016911,0.3943651734493915,3918483931.6877346,993618147721.807,487253809198.0115
2025-05-20,0.5092471786835023,9.225432361838394,248132627636.87692,2689658521190.766,487253809198.0115
2025-05-21,4.523829666098707,22.478275425865192,2204253236969.5635,9806149249480.162,487253809198.0115
2025-05-22,2.66589576893415,19.6848334672453,1298967868338.0264,6598825793977.134,487253809198.0115
2025-05-23,0.1101441695848164,3.9985975416390325,53668166191.15355,1342174740825.6262,487253809198.0115
2025-05-24,0.00788844295556294,0.5428135565070064,3843673878.7392626,708102042158.494,487253809198.0115
2025-05-25,0.2895414336153118,10.685817399645412,141080166449.71384,1320256197288.1484,487253809198.0115
2025-05-26,0.13222780682454247,9.35412911099589,64428502557.157135,688770721385.7104,487253809198.0115
2025-05-27,0.0,0.0,0.0,305732526666.49884,487253809198.0115
2025-05-28,0.5757630903500625,9.77195893291119,280542758968.68677,2870895803950.2275,487253809198.0115
2025-05-29,1.8566595746753742,10.457158456564983,904664450144.5359,8651149869270.551,487253809198.0115
2025-05-30,2.025943654914559,19.38735000562524,987148763077.6604,5091715798142.806,487253809198.0115
2025-05-31,0.23806580217767764,3.020473820811295,115998468950.85368,3840406367756.4556,487253809198.0115
2025-06-01,0.31026487454605994,6.113682732931353,151177741982.91086,2472777024698.909,487253809198.0115
2025-06-02,0.0009193417478096898,0.03762423885610317,447952768.57502896,1190596227842.0015,487253809198.0115
2025-06-03,0.00011034309775388953,0.006777050327952718,53765094.69929122,793340643753.6837,487253809198.0115
2025-06-04,0.0,0.0,0.0,1288371088866.7283,487253809198.0115
2025-06-05,0.08751583528820754,1.8845960670001338,42642424109.324875,2262682431318.151,487253809198.0115
2025-06-06,0.37226641977734687,4.007456657831734,181388231073.01822,4526268068764.585,487253809198.0115
2025-06-07,0.17807375306067708,3.360294281484503,86767114497.00096,2582128445567.844,487253809198.0115
2025-06-08,0.657494972709716,11.105870168933164,320366929981.35175,2884663021521.0444,487253809198.0115
2025-06-09,0.0,0.0,0.0,960690108815.4691,487253809198.0115
2025-06-10,0.05038075110103063,1.7784774605421594,24548212884.234085,1380293730388.3904,487253809198.0115
2025-06-11,1.3044499596997383,13.113907196049999,635598211771.89,4846749349906.462,487253809198.0115
2025-06-12,4.78887211170463,34.09062110677389,2333396178190.206,6844686610085.126,487253809198.0115
2025-06-13,3.7001257966420074,26.556383075271405,1802900388925.6448,6788953088285.797,487253809198.0115
2025-06-14,1.4334627557791202,20.73307988454039,698460188096.8551,3368820223461.6455,487253809198.0115
2025-06-15,0.28148708613125817,5.297303872024301,137155654957.5043,2589159660668.8887,487253809198.0115
2025-06-16,0.30815189083810396,6.171027142228393,150148182622.43597,2433114928225.9775,487253809198.0115
2025-06-17,1.1873312809330119,11.23386266444744,578531689414.5643,5149891063253.626,487253809198.0115
2025-06-18,2.05439669762912,17.753151179019255,1001012616523.604,5638506687796.388,487253809198.0115
2025-06-19,0.5338381134970216,16.74317082078015,260114654296.50415,1553556713246.1714,487253809198.0115
2025-06-20,0.8073753367029692,23.829771772818987,393396708261.0488,1650862257563.7502,487253809198.0115
2025-06-21,2.2696086381366056,34.554352935260525,1105875454320.7722,3200394047003.8335,487253809198.0115
2025-06-22,1.5158524059589202,24.40633214620211,738604858985.4543,3026283730635.819,487253809198.0115
2025-06-23,0.5357900717239136,13.93944014595792,261065753377.95267,1872856805182.7751,487253809198.0115
2025-06-24,3.045368653101185,37.40295831362563,1483867476635.77,3967246291572.631,487253809198.0115
2025-06-25,1.3895125720638404,17.255664985625025,677045293666.6327,3923611719575.2866,487253809198.0115
2025-06-26,0.8452885953732497,12.162242644774162,411870087967.25256,3386464980159.0967,487253809198.0115
2025-06-27,0.2974753081680263,7.705846609158792,144945977047.22314,1880987053063.6755,487253809198.0115
2025-06-28,1.2953777555635142,20.677816115869064,631177745748.6929,3052439107746.487,487253809198.0115
2025-06-29,1.3825272375656081,18.02364057308227,673641662823.8467,3737544921029.489,487253809198.0115
2025-06-30,0.6410307952809319,13.701948331536665,312344696813.86475,2279564112024.611,487253809198.0115
2025-07-01,0.4326301128462412,6.983591270039499,210800670458.0966,3018513860661.612,487253809198.0115
2025-07-02,3.128446138949332,28.35680229774804,1524347298073.8735,5375596592549.964,487253809198.0115
2025-07-03,1.8958351853939797,13.51577829821529,923752915694.8348,6834626133345.301,487253809198.0115
2025-07-04,5.316922366541784,24.363332173221846,2590690676307.5903,10633564644967.008,487253809198.0115
2025-07-05,0.9386580051240552,9.75387709873729,457364688530.90247,4689055274134.136,487253809198.0115
2025-07-06,2.2190820918010434,18.908251565546074,1081256202153.1499,5718435670294.209,487253809198.0115
2025-07-07,3.249099220934884,31.866294611947012,1583135971862.8137,4968057915554.698,487253809198.0115
2025-07-08,3.646582614037423,29.27978687562107,1776811269244.9766,6068388669606.01,487253809198.0115
2025-07-09,0.5298509112849759,6.150002709413828,258171874830.64212,4197914814500.1245,487253809198.0115
2025-07-10,3.0376153304007136,37.39179854407487,1480089640616.024,3958326954696.7544,487253809198.0115
2025-07-11,0.7979050896949423,13.478287204458503,388782294332.3417,2884508160678.8716,487253809198.0115
2025-07-12,0.540257063145619,11.430639515946552,263242311963.8335,2302953492642.2256,487253809198.0115
2025-07-13,1.671294654751245,16.70726223409129,814344686819.8196,4874195876079.227,487253809198.0115
2025-07-14,1.990935412588717,18.166387275237863,970090863651.067,5340031834361.326,487253809198.0115
2025-07-15,1.2938116078558202,19.54479997104636,630414634312.3523,3225485219834.676,487253809198.0115
2025-07-16,0.01435122838822681,0.34689247889469366,6992690698.834152,2015809256261.4849,487253809198.0115
2025-07-17,0.43681951209128006,6.477394370245265,212841971198.49304,3285919600267.1953,487253809198.0115
2025-07-18,7.025215754418924,31.633064575681964,3423063136778.5024,10821155593663.205,487253809198.0115
2025-07-19,1.1519680889619495,10.558631789216472,561300839421.2637,5316037632778.5205,487253809198.0115
2025-07-20,0.0,0.0,0.0,229706911547.41898,487253809198.0115
2025-07-21,0.0,0.0,0.0,141050803700.40817,487253809198.0115
2025-07-22,0.9196089804400427,14.083677223923734,448082978692.1104,3181576597985.0664,487253809198.0115
2025-07-23,11.106043369569406,46.27064217360004,5411461936941.012,11695238455170.07,487253809198.0115
2025-07-24,15.039614037360431,61.00607597690724,7328109228571.755,12012097338215.426,487253809198.0115
2025-07-25,5.179303633453621,43.546142511548005,2523635424393.3784,5795313382176.47,487253809198.0115
2025-07-26,6.026203316952219,60.74159921630111,2936290521186.66,4834068511648.032,487253809198.0115
2025-07-27,0.00010847034116834569,0.0050959542221747055,52852586.91928432,1037147992603.619,487253809198.0115
2025-07-28,6.894631712673462,65.46588238585495,3359435565017.554,5131582196077.478,487253809198.0115
2025-07-29,0.3391418254631815,12.336767434201853,165248146315.30234,1339476870230.8225,487253809198.0115
2025-07-30,3.2847006372924663,19.58599456800127,1600482897595.8901,8171568168464.053,487253809198.0115
2025-07-31,2.4402905483180124,38.73070188492859,1189040865217.8557,3070021474825.25,487253809198.0115
2025-08-01,0.13134914508857054,4.383796409222007,64000371279.30828,1459930281996.5227,487253809198.0115
2025-08-02,2.279180146984161,19.980233466046254,1110539208466.516,5558189349257.253,487253809198.0115
2025-08-03,8.916723748217196,36.89755519025863,4344707611885.1997,11775055527343.588,487253809198.0115
2025-08-04,1.218599980248592,8.233241342721046,593767482264.748,7211831374160.967,487253809198.0115
2025-08-05,0.20915407800209943,2.469744589464363,101911121215.82097,4126383013472.7983,487253809198.0115
2025-08-06,0.9527843238997836,6.429522207991596,464247791164.32153,7220564392596.438,487253809198.0115
2025-08-07,1.7147467477040435,7.505153329178215,835516884628.6967,11132575818010.402,487253809198.0115
2025-08-08,0.2436866134686517,3.5661892521705103,118737230663.16399,3329526905811.1895,487253809198.0115
2025-08-09,0.4534540162239996,8.863864976725973,220947196701.2807,2492673312166.0376,487253809198.0115
2025-08-10,1.0654663925658057,23.69868717131579,519152558350.1527,2190638471225.191,487253809198.0115
2025-08-11,1.1400098837036619,12.729951761207332,555474158357.9913,4363521313966.9365,487253809198.0115
2025-08-12,1.4401235071774405,30.36204553330818,701705664587.8077,2311127765808.839,487253809198.0115
2025-08-13,0.8284856088755398,44.235672809031975,403682768790.34064,912572914925.6147,487253809198.0115
2025-08-14,0.6238128561940421,27.472580458849638,303955190407.2384,1106394759176.4226,487253809198.0115
2025-08-15,0.7631595782794004,17.496325929140806,371852411542.5859,2125317126856.0522,487253809198.0115
2025-08-16,2.3555657257758593,24.108985200189988,1147758372700.566,4760707940089.992,487253809198.0115
2025-08-17,1.8743534370593025,26.641743745911246,913285851990.5304,3428025810550.385,487253809198.0115
2025-08-18,9.864491842973901,62.269160965313176,4806511226291.746,7718927237463.817,487253809198.0115
2025-08-19,3.1410518220578814,30.725449522185816,1530489465186.0571,4981178433470.736,487253809198.0115
2025-08-20,5.727066136086995,30.241101329796205,2790534790337.325,9227622896087.596,487253809198.0115
2025-08-21,0.2547170663029966,4.255686849489414,124111860823.87755,2916376726327.224,487253809198.0115
2025-08-22,2.0548213616290796,16.08292925005367,1001219535675.2136,6225355593551.917,487253809198.0115
2025-08-23,0.8029899568395901,12.991810585443922,391259915217.8371,3011588820854.626,487253809198.0115
2025-08-24,0.0356600293227814,1.5851301055667881,17375485123.638023,1096155139733.7914,487253809198.0115
2025-08-25,3.655072280881297,23.774314651952636,1780947891753.476,7491058807902.179,487253809198.0115
2025-08-26,12.754886527973694,33.34636876768906,6214867046643.581,18637312775913.016,487253809198.0115
2025-08-27,9.703036803490818,34.27151243056152,4727841643289.398,13795252406407.834,487253809198.0115
2025-08-28,2.430215982857776,22.114611158814174,1184131994821.3408,5354523244010.935,487253809198.0115
2025-08-29,0.29653331624867835,10.93214209922996,144486987896.2871,1321671330145.4846,487253809198.0115
2025-08-30,0.1325035903779219,6.029289219923833,64562879144.05543,1070820735066.198,487253809198.0115
2025-08-31,0.7202480533550802,33.64212794242092,350943607564.71545,1043167091467.4645,487253809198.0115
2025-09-01,1.2809291586675757,16.220664349278167,624137611873.5803,3847793150971.372,487253809198.0115
2025-09-02,2.5877522947543024,33.89145722477383,1260892162879.9292,3720383442108.9683,487253809198.0115
2025-09-03,0.0013271111056697437,0.03366576072247757,646639941.4665674,1920764383722.4395,487253809198.0115
2025-09-04,2.841235957464756,14.799026974259895,1384403043105.0618,9354689639480.816,487253809198.0115
2025-09-05,0.27523415264980355,9.105768762339864,134108889300.00375,1472790412322.5557,487253809198.0115
2025-09-06,0.0,0.0,0.0,402471032003.94403,487253809198.0115
2025-09-07,0.0,0.0,0.0,779649503892.543,487253809198.0115
2025-09-08,0.0,0.0,0.0,341856678848.2511,487253809198.0115
2025-09-09,0.03935385914359007,6.481594436866186,19175317774.356255,295842604179.15643,487253809198.0115
2025-09-10,0.32129302570272766,8.881790240592222,156551250642.40866,1762609185780.2095,487253809198.0115
2025-09-11,5.604353618004821,48.88395166312874,2730742648465.5063,5586174103279.787,487253809198.0115
2025-09-12,0.23403375320373798,4.329552909539939,114033837729.42865,2633847884804.9453,487253809198.0115
2025-09-13,0.10401444827773057,3.655810643922782,50681436134.953766,1386325525891.331,487253809198.0115
2025-09-14,0.6433459829707968,10.412646250227153,313472780834.75977,3010500628770.725,487253809198.0115
2025-09-15,1.5112456396375948,14.215296702120678,736360194547.3035,5180055048991.353,487253809198.0115
2025-09-16,0.16466832114130023,2.283760638961386,80235266730.33998,3513295805239.4473,487253809198.0115
2025-09-17,0.013504589988289392,0.6390907387102585,6580162913.451336,1029613248148.5627,487253809198.0115
2025-09-18,0.11307044415495236,2.505090524223418,55094004622.21157,2199281985599.734,487253809198.0115
2025-09-19,0.5059804456798161,10.124545034530986,246540899537.19794,2435081267319.5723,487253809198.0115
2025-09-20,0.8613460523134389,9.453984096141367,419694145027.39276,4439336270924.027,487253809198.0115
2025-09-21,1.93597807827081,18.052990465022166,943312693161.2982,5225243402133.154,487253809198.0115
2025-09-22,1.7163355031555148,15.43294177941015,836291011774.3102,5418869738043.38,487253809198.0115
2025-09-23,0.0,0.0,0.0,640421083025.7089,487253809198.0115
2025-09-24,1.4089794546682632,21.65462099400272,686530606368.8481,3170365376327.685,487253809198.0115
2025-09-25,1.0779930298609162,14.041149124421443,525256210088.63715,3740834923368.71,487253809198.0115
2025-09-26,0.2500073379320671,5.007399239536559,121817027734.85419,2432740468805.2896,487253809198.0115
2025-09-27,0.0,0.0,0.0,1535186981824.807,487253809198.0115
2025-09-28,0.13393406765904373,3.225987732729465,65259884648.25326,2022942740487.0427,487253809198.0115
2025-09-29,0.05823757085476745,2.5063449547609724,28376478237.42453,1132185662772.456,487253809198.0115
2025-09-30,1.3526844348892453,20.22689308507045,659100643542.6443,3258536250577.8457,487253809198.0115
2025-10-01,5.196224369098498,61.792709732708026,2531880117290.7773,4097376742730.2285,487253809198.0115
2025-10-02,0.03538973444306381,1.6659210085624752,17243782913.88891,1035090068812.3615,487253809198.0115
2025-10-03,0.1337549635682512,1.9418057872018022,65172615497.771645,3356289075216.2837,487253809198.0115
2025-10-04,1.0875958431038553,8.590913234884432,529935217420.27637,6168555110863.079,487253809198.0115
2025-10-05,2.55192564891154,16.464848486864195,1243435493222.2551,7552061558381.659,487253809198.0115
2025-10-06,0.6278977634565464,6.048532562576896,305945577031.1142,5058178555969.784,487253809198.0115
2025-10-07,3.015096368996409,14.745303602818932,1469117190892.5935,9963288857692.527,487253809198.0115
2025-10-08,1.9986939609488694,8.27815819377547,973871245893.3982,11764346888486.3,487253809198.0115
2025-10-09,0.7235583509175127,4.51625012572761,352556562661.5896,7806400284456.997,487253809198.0115
2025-10-10,1.664828848395841,10.872772922809993,811194198043.6123,7460784877993.798,487253809198.0115
2025-10-11,1.1986057538904322,9.411740947211953,584025219309.7673,6205283619528.154,487253809198.0115
2025-10-12,0.01602269214592481,0.4049589912607599,7807117781.708923,1927878612449.8687,487253809198.0115
2025-10-13,0.014626388698725054,0.492764787612017,7126763608.264529,1446281022392.3416,487253809198.0115
2025-10-14,5.008978315333117,36.20001342066186,2440643764336.2993,6742107346687.486,487253809198.0115
2025-10-15,0.42297362845777964,5.550210841902905,206095511656.35754,3713291576247.5273,487253809198.0115
2025-10-16,4.223150064760509,28.597279507191963,2057745955869.3872,7195600390421.341,487253809198.0115
2025-10-17,0.12595315007844926,2.17473270769931,61371152156.21323,2822008973283.8433,487253809198.0115
2025-10-18,0.04395066906106146,0.8042211414615817,21415130916.803387,2662841078497.8604,487253809198.0115
2025-10-19,0.0,0.0,0.0,1819703019575.2246,487253809198.0115
2025-10-20,0.00013920337656316315,0.004566572846796104,67827375.48362644,1485301510764.5542,487253809198.0115
2025-10-21,0.06376169718753553,1.3029428828939722,31068129835.556824,2384458309220.0684,487253809198.0115
2025-10-22,0.0682750302953306,2.048786248287986,33267268584.509468,1623754972599.4297,487253809198.0115
2025-10-23,0.03295841145270853,0.7566118831736108,16059111525.4476,2122503212358.7073,487253809198.0115
2025-10-24,0.020111426247072742,0.3555780349879443,9799369047.291061,2755898307279.6675,487253809198.0115
2025-10-25,0.000799390866081392,0.03930868601442162,389506244.5362557,990891032056.7653,487253809198.0115
2025-10-26,0.0,0.0,0.0,177837077908.50436,487253809198.0115
2025-10-27,0.0,0.0,0.0,179541997277.4087,487253809198.0115
2025-10-28,0.0995870201813565,2.0830879664323407,48524154930.0452,2329433788298.027,487253809198.0115
2025-10-29,0.04465955293440377,0.7554970598840635,21760537284.368465,2880294105672.3345,487253809198.0115
2025-10-30,0.0,0.0,0.0,729806294259.4377,487253809198.0115
2025-10-31,0.0,0.0,0.0,490417416600.05066,487253809198.0115
2025-11-01,0.0,0.0,0.0,72696394492.73811,487253809198.0115
2025-11-02,0.0,0.0,0.0,228947297964.1227,487253809198.0115
2025-11-03,0.0,0.0,0.0,146618238655.53796,487253809198.0115
2025-11-04,0.0,0.0,0.0,413780355997.2687,487253809198.0115
2025-11-05,3.0393908251336406,32.07086158527299,1480954757187.8535,4617757939711.576,487253809198.0115
2025-11-06,2.956425363462707,17.169917246940507,1440529519956.8196,8389845444441.536,487253809198.0115
2025-11-07,0.2910520674453361,5.340135221768392,141816228537.69656,2655667368863.629,487253809198.0115
2025-11-08,0.0,0.0,0.0,413621287482.3537,487253809198.0115
2025-11-09,0.012209656363747504,0.5326449886464513,5949201572.234713,1116916839366.6345,487253809198.0115
2025-11-10,0.0006286340583047564,0.039933783545511685,306304339.5005974,767030599921.7651,487253809198.0115
2025-11-11,0.002958043163414967,0.23692053436798308,1441317799.1460786,608354950317.407,487253809198.0115
2025-11-12,0.004285162510684317,0.8210888788566681,2087961756.363448,254291808125.6742,487253809198.0115
2025-11-13,0.0,0.0,0.0,329304494998.9257,487253809198.0115
2025-11-14,0.057467569123149265,1.843140094171151,28001291960.604507,1519216691620.857,487253809198.0115
2025-11-15,0.08429541356129788,1.6544295345189035,41073261355.66411,2482623798638.116,487253809198.0115
2025-11-16,0.0,0.0,0.0,847999422728.1222,487253809198.0115
2025-11-17,0.06849679468918865,3.766223558301433,33375324130.161293,886174801190.3352,487253809198.0115
2025-11-18,0.005875251068625271,0.41941529877780126,2862738463.1823506,682554611509.0519,487253809198.0115
2025-11-19,0.0005558070314949362,0.035824430202685616,270819093.2749468,755962039710.6681,487253809198.0115
2025-11-20,0.0,0.0,0.0,118848037961.36789,487253809198.0115
2025-11-21,9.161098998041917e-05,0.010335214164892019,44637803.832360104,431900134048.4218,487253809198.0115
2025-11-22,0.3312440273897167,6.441310367429319,161399914119.72992,2505700003773.3545,487253809198.0115
2025-11-23,0.595836164896683,8.815870105231042,290323441003.84326,3293191001437.0005,487253809198.0115
2025-11-24,0.010441156058724038,0.6247148184310486,5087493062.044184,814370479448.7285,487253809198.0115
2025-11-25,0.17635943887437397,2.8686331470856605,85931808379.56258,2995566319341.445,487253809198.0115
2025-11-26,0.3479880000677271,5.003499780388245,169558478588.1979,3388797562314.294,487253809198.0115
2025-11-27,0.01669649903678416,0.5184878728075639,8135432755.944012,1569069053031.3457,487253809198.0115
2025-11-28,0.026223380991808754,0.9453022667155451,12777442278.309544,1351677947700.7705,487253809198.0115
2025-11-29,0.056071956191731484,1.660086292025343,27321274243.60519,1645774341662.2407,487253809198.0115
2025-11-30,0.35369109233066526,6.388759450468518,172337332017.52222,2697508543773.4536,487253809198.0115
2025-12-01,0.001753248628945833,0.026064915516250575,854277072.9250481,3277497954644.955,487253809198.0115
2025-12-02,0.0,0.0,0.0,899405674402.5765,487253809198.0115
2025-12-03,0.0,0.0,0.0,1101755187624.4202,487253809198.0115
2025-12-04,0.0,0.0,0.0,1290389981408.038,487253809198.0115
2025-12-05,0.0,0.0,0.0,926603399008.4401,487253809198.0115
2025-12-06,0.0,0.0,0.0,733269363357.5935,487253809198.0115
2025-12-07,0.0,0.0,0.0,1591464588460.4607,487253809198.0115
2025-12-08,0.0,0.0,0.0,610697271368.922,487253809198.0115
2025-12-09,0.09311310964762047,2.542396139505123,45369717362.07519,1784525891032.3235,487253809198.0115
2025-12-10,0.04582051266367516,1.0349358814471843,22326219334.781445,2157256283699.621,487253809198.0115
2025-12-11,1.1995295587511046,10.610069739517867,584475346747.0856,5508685249920.372,487253809198.0115
2025-12-12,0.8673099356342436,11.893523603240407,422600069893.0674,3553194864623.0405,487253809198.0115
2025-12-13,0.0,0.0,0.0,513527977637.0889,487253809198.0115
2025-12-14,0.0,0.0,0.0,1385762493541.5054,487253809198.0115
2025-12-15,0.024813248440431496,0.535552651097249,12090349821.176865,2257546442241.6655,487253809198.0115
2025-12-16,0.0,0.0,0.0,637012404444.6268,487253809198.0115
2025-12-17,0.014216566505835257,0.4507248471428019,6927076183.685093,1536874709170.4944,487253809198.0115
2025-12-18,0.1910349119132744,1.9882795422994992,93082488519.54953,4681559435646.414,487253809198.0115
2025-12-19,0.16080319538736032,1.9895838874838552,78351969483.70343,3938108364095.768,487253809198.0115
2025-12-20,0.0,0.0,0.0,718649841382.6117,487253809198.0115
2025-12-21,0.08203268908589281,1.2001682589639766,39970740235.857414,3330428041011.635,487253809198.0115
2025-12-22,0.73442751177443,7.175229837887293,357852602691.90845,4987332960434.843,487253809198.0115
2025-12-23,0.0,0.0,0.0,636933626008.76,487253809198.0115
2025-12-24,0.0,0.0,0.0,152555889909.8076,487253809198.0115
2025-12-25,0.0360524818624934,1.0323084385042958,17566709118.54213,1701691903632.446,487253809198.0115
2025-12-26,0.0,0.0,0.0,1293154836152.525,487253809198.0115
2025-12-27,0.031558036596845904,1.1303866597180867,15376773542.623419,1360310952931.6558,487253809198.0115
2025-12-28,0.0,0.0,0.0,1554788451606.1582,487253809198.0115
2025-12-29,0.0,0.0,0.0,1791106859729.0562,487253809198.0115
2025-12-30,0.04095996851418705,0.7872047621639775,19957900683.168255,2535287086971.529,487253809198.0115
2025-12-31,0.0,0.0,0.0,1138747864753.272,487253809198.0115
